short_name,full_name
RBGE,RBGE Royal Botanic Garden Edinburgh
MurrayBurn,Murray Burn
Harelaw,Harelaw
Comiston,Comiston
Torduff,Torduff
Gogarbank,Gogarbank
